Name,DateOfBirth,Married,Phone,Salary
Bondie Acland,8/28/2024,false,617-338-6433,57
Ermengarde Jeyness,12/12/2023,true,434-570-0789,04279
Delores Viall,7/11/2024,true,894-749-0225,1535
Dennie Chillingworth,9/2/2024,false,456-819-1552,9329
Antons Giacomasso,11/29/2023,true,534-255-3055,17085
Gabie Southworth,4/17/2024,false,126-512-9526,01158
Theresita Frantzen,4/22/2024,true,387-688-8768,986
Joell Scotts,8/2/2024,false,360-504-2816,402
Evan Samworth,3/19/2024,false,879-951-7355,75
Ephraim Caistor,2/11/2024,true,295-687-5655,76989
